customer_id,age,annual_income,total_purchases,first_purchase_date,product_category
1,52.450712295168486,109983.88591465005,3354.7931121640386,2018-01-01,Mobile
2,42.92603548243223,98115.84207281921,4361.380789071171,2018-01-02,Electronics
3,54.715328071510385,76490.75924800435,1654.8356298876997,2018-01-03,TV
4,67.84544784612038,58826.58055736065,5142.764838816203,2018-01-04,Mobile
5,41.48769937914996,92455.58284033975,6240.580546505778,2018-01-05,Mobile
6,41.487945645762295,84837.13463554374,6999.192301660983,2018-01-06,TV
7,68.68819223261087,97379.83050069331,1984.1313894659734,2018-01-07,Home Appliance
8,56.51152093729363,90879.29504204924,3205.3017884372207,2018-01-08,TV
9,37.95788421097572,101238.81788298338,6697.664546965935,2018-01-09,Home Appliance
10,53.13840065378947,61619.119710985804,4260.35236407051,2018-01-10,Mobile
11,38.04873460781307,107934.85164085813,6178.310423383201,2018-01-11,Mobile
12,38.01405369644615,79939.99011731,2468.852914249571,2018-01-12,Mobile
13,48.629434073490515,126881.52181563164,8266.345500964095,2018-01-13,Electronics
14,16.300796330133032,57770.3045477608,2371.855987557715,2018-01-14,Electronics
15,19.126232512304508,118399.09507913124,710.9248165629418,2018-01-15,Electronics
16,36.56568706138541,79947.7695865662,5075.200502645751,2018-01-16,TV
17,29.80753319498364,58714.549909638794,5134.393132127556,2018-01-17,Mobile
18,49.71370998892911,62902.85414864196,3683.142489984836,2018-01-18,Mobile
19,31.37963886718184,66991.317295142,5773.209213104443,2018-01-19,TV
20,23.815444479970626,85604.14866004791,5845.987917790015,2018-01-20,Electronics
21,66.98473153382331,88070.88720088749,5566.748171417762,2018-01-21,TV
22,41.61335549270196,60657.49990153553,3651.267122542625,2018-01-22,Electronics
23,46.012923070318855,74391.13519347543,3321.0417924400517,2018-01-23,Mobile
24,23.628777206798148,128556.75896529658,3837.1774754812814,2018-01-24,Home Appliance
25,36.834259132122256,118188.57925251778,3105.957696689136,2018-01-25,Electronics
26,46.663838845647994,85908.0917418508,7531.426734532399,2018-01-26,Mobile
27,27.735096338665457,75950.086954205,3993.5670207985036,2018-01-27,Mobile
28,50.63547027518508,78000.78316795653,5010.0089908263535,2018-01-28,Home Appliance
29,35.99041965121793,90337.94931826042,6685.6422063192185,2018-01-29,Mobile
30,40.62459375310085,49430.18587003986,3032.9110185556037,2018-01-30,Mobile
31,35.97440081655905,68565.58656441637,2321.2458871155222,2018-01-31,Electronics
32,72.78417276763406,33285.39815306026,3111.167768981633,2018-02-01,Electronics
33,44.79754162893099,84980.57806513198,5257.15377837155,2018-02-02,Home Appliance
34,29.134336065661493,91179.89849256852,5097.485412450765,2018-02-03,Home Appliance
35,57.338173681547836,62920.33844251565,5562.008735407756,2018-02-04,Mobile
36,26.687345250434667,114349.66908225082,4447.214915827669,2018-02-05,Electronics
37,48.132953925071334,44355.85842494147,1132.1321586529225,2018-02-06,Home Appliance
38,15.604948141803366,38390.6279947545,4382.55931011789,2018-02-07,Home Appliance
39,25.077209266523543,80611.2954639993,7078.253619805907,2018-02-08,TV
40,47.952918538036855,101177.45756530386,7878.737614806555,2018-02-09,Home Appliance
41,56.07699869993115,117098.19228644672,4860.820956399183,2018-02-10,Mobile
42,47.57052421784956,63527.8934282765,5106.026850987781,2018-02-11,Electronics
43,43.265275764176394,101967.02083578239,6127.278801924179,2018-02-12,Home Appliance
44,40.48344456616067,74037.28826248233,7780.3817474347115,2018-02-13,TV
45,22.822170144488588,70684.31750147951,4667.807281065719,2018-02-14,Electronics
46,34.20233687407937,97091.49843716681,6089.6305369849015,2018-02-15,Home Appliance
47,38.09041843560319,91308.0719603355,3575.5405888980786,2018-02-16,TV
48,60.856833393283736,35590.19607539377,2495.1524230094296,2018-02-17,Home Appliance
49,50.15427434352692,111913.5087431474,3754.4198365115394,2018-02-18,Electronics
50,18.55439766955899,109502.2838536863,8560.111213344673,2018-02-19,Electronics
51,49.86125954092192,59360.932462261764,6143.964847512107,2018-02-20,Electronics
52,39.22376579375525,84895.08833593523,2613.496697605353,2018-02-21,Mobile
53,34.84616999541062,87350.75465706846,6270.086058639565,2018-02-22,Home Appliance
54,54.175144332613016,81516.84414559767,2713.0370166345724,2018-02-23,Mobile
55,60.46499283743927,61242.3711538645,5527.946576747568,2018-02-24,Electronics
56,58.96920178674298,58209.41580154871,2976.6606907876026,2018-02-25,TV
57,32.41173715166042,74361.14822521387,2539.961268833309,2018-02-26,Home Appliance
58,40.36181436223178,104318.22548148411,9190.699165019407,2018-02-27,Mobile
59,49.96895147105346,88590.0038648608,3992.157896772407,2018-02-28,Home Appliance
60,59.63317690683539,65734.64169784736,6094.7414177116025,2018-03-01,TV
61,37.81238643232065,94292.46776620862,4755.62148941261,2018-03-02,Mobile
62,42.215115350042744,3786.4344842481078,2819.229981264145,2018-03-03,Electronics
63,28.404975389909577,103719.14250930259,4190.048900771254,2018-03-04,Mobile
64,27.056900638789937,31507.155530547512,2831.347587067727,2018-03-05,Home Appliance
65,57.18788733591297,65938.9764649217,12059.51647623211,2018-03-06,Home Appliance
66,65.34360042856234,47008.252634346405,6575.087983002735,2018-03-07,Home Appliance
67,43.91984817629499,42632.96310697736,4715.366975141064,2018-03-08,Home Appliance
68,60.052993468380365,104020.66968446298,5951.166694047576,2018-03-09,Electronics
69,50.424540375714514,63307.46996720272,6388.933983436244,2018-03-10,Mobile
70,35.323203680923136,83662.59704326789,6396.4064146130495,2018-03-11,Electronics
71,50.42093408262621,73826.98552802039,6276.350018271155,2018-03-12,Electronics
72,68.07054849698955,86926.02068057803,6065.433069904373,2018-03-13,Electronics
73,44.46260941335073,76920.54727650639,4890.177765084336,2018-03-14,Home Appliance
74,68.4696548372101,42925.194395285755,8876.47793895078,2018-03-15,Home Appliance
75,5.703823438653835,99906.6704861785,5031.716156953477,2018-03-16,Home Appliance
76,57.32853756562836,62656.08542096719,4777.462112175747,2018-03-17,Mobile
77,46.30570602357257,36085.45253350622,5051.232535207219,2018-03-18,TV
78,40.51488974301199,64297.12097585219,5213.752442745817,2018-03-19,Home Appliance
79,46.37641164803254,112518.99476585777,1992.272395109447,2018-03-20,Mobile
80,15.186466280986608,96255.54355283732,3095.960953237259,2018-03-21,Home Appliance
81,41.70492168243732,66283.69663980351,4447.145865734375,2018-03-22,Home Appliance
82,50.3566885726762,66268.55739203928,1940.9294699458533,2018-03-23,Electronics
83,67.16841067112274,66959.12371956544,4711.932209597231,2018-03-24,Electronics
84,37.22594672589529,126918.69958902102,5182.989066133961,2018-03-25,Electronics
85,32.87259595660218,84548.38630578884,2439.4285158563675,2018-03-26,Mobile
86,37.47364434623195,85751.04117977674,3457.793069936071,2018-03-27,TV
87,58.731031765531114,100757.08635079605,8018.9646275992545,2018-03-28,TV
88,49.93126664489527,80969.72897566285,5978.06397250298,2018-03-29,Mobile
89,37.05359694349442,68523.94635448242,5827.810608458595,2018-03-30,Home Appliance
90,52.699011496700344,70091.25377287554,7588.394132667687,2018-03-31,Mobile
91,46.456163240220604,73209.9685146484,3125.0371164718276,2018-04-01,Home Appliance
92,59.52967485799334,74069.44408725396,2443.056679020935,2018-04-02,Mobile
93,34.469203591839715,93190.73859092449,7140.997734569203,2018-04-03,Mobile
94,40.085067801033475,76298.64714518249,4504.509044373251,2018-04-04,Mobile
95,39.118377703017636,93316.00193038948,3085.0531473377027,2018-04-05,TV
96,23.04727577801822,72982.08549728544,10792.393960401607,2018-04-06,Electronics
97,49.44180415596864,76965.87975790226,1984.0078258064245,2018-04-07,Mobile
98,48.91582908269834,25044.98288669731,5077.236388448708,2018-04-08,TV
99,45.07670184963691,97908.19186756204,4268.056040009388,2018-04-09,Electronics
100,41.481192999372794,83662.21189744982,3936.302376525885,2018-04-10,Electronics
101,23.769438869243785,99950.2527464913,1333.7496408937025,2018-04-11,Mobile
102,38.69032015851961,2593.615545157765,8824.888208021159,2018-04-12,Home Appliance
103,39.85928225209846,127209.36761951819,2216.950202007223,2018-04-13,Home Appliance
104,32.96584096167572,71510.25929612065,4114.007890010974,2018-04-14,Home Appliance
105,42.580714325009865,102704.57041843791,3799.4537029002727,2018-04-15,Mobile
106,51.060762852218076,49002.351821861725,6057.047372674037,2018-04-16,Home Appliance
107,73.29278851815795,90319.34762656424,1995.6788174817707,2018-04-17,TV
108,47.61866719247759,48664.6109206586,5737.967492692664,2018-04-18,TV
109,48.86325586084146,59405.77598260487,5088.592021957981,2018-04-19,TV
110,43.883311263507494,122850.78384666966,3377.721577372875,2018-04-20,TV
111,16.21843177051438,70232.93998091633,5648.472546407369,2018-04-21,Electronics
112,44.602291868261744,80435.82182949307,4708.152926282364,2018-04-22,TV
113,45.9034531491154,96751.69326721886,9750.443034844748,2018-04-23,Home Appliance
114,81.94863168727929,87392.04719931511,4266.296145951015,2018-04-24,Mobile
115,42.114585528283165,78760.47262858941,2890.4511234349775,2018-04-25,Home Appliance
116,49.523210135004184,84124.02506165563,5763.377600536286,2018-04-26,TV
117,44.47932345442135,135085.38963095687,4022.5264441476343,2018-04-27,Electronics
118,27.46982943570702,73559.53007416037,4665.136094792145,2018-04-28,TV
119,62.14234221772531,80027.47616787419,2453.131654527726,2018-04-29,Mobile
120,56.27899549030161,101266.35990019029,6098.16947147504,2018-04-30,Home Appliance
121,56.865479205645705,102638.1483239496,3723.1256093521188,2018-05-01,Mobile
122,31.359188178078917,104675.7576390095,5264.915273528004,2018-05-02,Mobile
123,66.04191466404149,90968.25555072962,10830.9097321367,2018-05-03,Mobile
124,23.972234058115788,46424.87718173792,4153.112288428586,2018-05-04,Home Appliance
125,53.80285640700406,115835.7883075274,6465.9785261416455,2018-05-05,TV
126,77.85683438714968,46341.365174532795,4286.023066150828,2018-05-06,Mobile
127,30.141955123039676,82565.88663097583,3399.7275711255807,2018-05-07,Home Appliance
128,36.50553405595842,56143.103749516056,8142.5072326259315,2018-05-08,Electronics
129,46.49477047631462,73396.54133517519,1684.3110615979842,2018-05-09,Home Appliance
130,37.44786518825701,83219.06025758701,7199.0404599113035,2018-05-10,Electronics
131,21.74004853400801,83033.93038625683,1573.4264442598237,2018-05-11,Home Appliance
132,46.02844462209041,85548.01885588212,6872.6666607751295,2018-05-12,TV
133,29.065444294108428,115342.78172646617,4697.567973880317,2018-05-13,Mobile
134,52.10388645952772,86338.3575378495,2894.372302819483,2018-05-14,TV
135,31.208636486492953,68896.08411773379,3841.437722113138,2018-05-15,Home Appliance
136,68.24901607526309,99102.17920720893,6311.837546805813,2018-05-16,Mobile
137,33.251200614956446,104736.762223116,10370.740449830091,2018-05-17,Electronics
138,40.16907725691487,44309.80462157519,2037.514620775013,2018-05-18,Home Appliance
139,57.202758260545046,89935.00174624645,2981.8941539277,2018-05-19,Mobile
140,26.53703525349067,92529.31855777247,2342.408157761713,2018-05-20,Electronics
141,48.41189901906194,67560.9124160002,4269.92613233044,2018-05-21,Electronics
142,64.60714131423643,109392.6703327905,6954.227201038097,2018-05-22,TV
143,20.88775148158159,71248.61032418683,2181.3438160829037,2018-05-23,Home Appliance
144,47.769507877984566,78139.41133678856,4640.600238494453,2018-05-24,Electronics
145,48.89824191372635,70673.20439290327,6856.712344565323,2018-05-25,Mobile
146,56.72734307665966,75389.47618953668,3815.4536526226775,2018-05-26,Electronics
147,26.445739336828773,47593.122827619954,998.7602093494718,2018-05-27,Electronics
148,25.193150803735854,38998.72793514264,5109.772244811946,2018-05-28,TV
149,52.829123484253465,114862.6265806243,7877.670141166052,2018-05-29,TV
150,49.45477009849779,53825.966292041805,2714.246357157447,2018-05-30,Mobile
151,48.75739275518815,50215.19126359232,1782.4737618016939,2018-05-31,TV
152,50.19672314245464,21165.24715990713,5391.812598675423,2018-06-01,Electronics
153,34.79962917632264,59025.95630776245,5458.7472324779055,2018-06-02,Electronics
154,48.48380545741505,41922.755164812545,3691.2801914553147,2018-06-03,TV
155,49.39608709948022,116050.37900340922,3353.8747405509635,2018-06-04,Electronics
156,34.28472872960448,100245.42723356586,4740.833799491012,2018-06-05,Electronics
157,72.98661766717134,57796.241370556905,2689.9464144814588,2018-06-06,Mobile
158,52.10749381367681,131310.89513360773,2692.0728147666878,2018-06-07,TV
159,27.130447541960272,99544.13717478985,6293.506034620472,2018-06-08,Electronics
160,54.84830412950745,66879.21541228444,2598.9039823355743,2018-06-09,TV
161,30.379774946590178,12514.857128160671,1843.1739191957442,2018-06-10,Mobile
162,56.806269056136784,132273.56431476853,3350.657847697556,2018-06-11,TV
163,62.378933685111065,40260.688330910096,3733.612036328368,2018-06-12,Electronics
164,32.68976522472434,33865.031326077704,5737.690373345157,2018-06-13,TV
165,59.45064193866483,100564.260800241,3491.2458962284345,2018-06-14,Electronics
166,51.191713904047475,135993.81015848182,8463.052167125588,2018-06-15,Electronics
167,57.33090239991735,109606.82046276296,4853.4119624912755,2018-06-16,Electronics
168,73.4518947398092,89097.72800130899,3129.324581279453,2018-06-17,Mobile
169,41.31917825995694,89868.85854163214,5630.118230696545,2018-06-18,TV
170,33.693957534637654,96335.3889695077,8396.498604226263,2018-06-19,Mobile
171,31.65728355561715,93973.21474466912,6217.54608632351,2018-06-20,TV
172,32.762845725518424,82029.7855992344,2114.5046052171897,2018-06-21,Mobile
173,43.843474358788434,77605.0275987969,3885.3679879706415,2018-06-22,Home Appliance
174,50.117279622249654,73435.17180251193,5228.296132740809,2018-06-23,Electronics
175,49.150361989950284,56150.885278333095,6103.871731526895,2018-06-24,Electronics
176,57.40774873554036,67983.12307833065,4281.998328629402,2018-06-25,Mobile
177,45.19502837816861,32676.079645115366,4007.6560064875634,2018-06-26,Home Appliance
178,66.80301115735975,72541.50933013126,9718.220378737944,2018-06-27,Electronics
179,41.03014750143066,50285.22232122706,6258.108830427423,2018-06-28,TV
180,85.80253749884429,47410.26706960573,5637.927600190192,2018-06-29,Mobile
181,54.385010216475095,79497.35377883696,3561.5137218904715,2018-06-30,Electronics
182,32.14263665375576,109800.05715861497,2670.6789902751802,2018-07-01,Electronics
183,28.936612529083316,97957.91515005783,5681.940451088998,2018-07-02,Mobile
184,52.23708622864778,35737.48490942058,6559.712064791186,2018-07-03,Mobile
185,41.64805822011223,50259.29658574156,4654.588319812939,2018-07-04,TV
186,55.71000741138138,98519.2796997054,6265.513082555167,2018-07-05,TV
187,52.09856436860317,50437.81516154226,6336.22646777407,2018-07-06,Electronics
188,43.90756631014691,69384.17125007439,6751.757395842699,2018-07-07,Electronics
189,32.29809422897392,88751.3024756138,2095.7078624819824,2018-07-08,Mobile
190,22.277291629712032,50791.38862840911,3937.1051242088306,2018-07-09,Electronics
191,38.302275718994686,77634.387653649,5833.9353008783255,2018-07-10,Electronics
192,57.84598191485209,41649.36262704489,4775.018040852599,2018-07-11,Mobile
193,48.21140616195306,59965.80890121966,6344.946842619049,2018-07-12,Electronics
194,26.31391831932018,82994.54835356343,5636.423977716041,2018-07-13,Electronics
195,47.59771388776773,35175.156661708264,1389.3552252414997,2018-07-14,Home Appliance
196,50.77976069593255,86011.86844900997,7460.678441108617,2018-07-15,TV
197,31.742138456983007,74509.05502683297,3706.805637220528,2018-07-16,Mobile
198,47.305876589182915,88812.24886042869,3039.974339825058,2018-07-17,Home Appliance
199,45.87313077669,80597.85335161653,7351.2954080522195,2018-07-18,TV
200,27.855445532540653,109103.51074934611,6130.477815494287,2018-07-19,TV
201,50.36681040522425,78130.61256619768,7804.88736070306,2018-07-20,TV
202,53.41176789552352,64264.86147186867,5254.088636408272,2018-07-21,Home Appliance
203,61.245768647629156,78057.4375758071,3913.5287170202796,2018-07-22,Home Appliance
204,60.80703078052355,88582.4507259097,4983.325120871886,2018-07-23,TV
205,24.334959480643633,76221.50175814261,2777.471628126619,2018-07-24,Electronics
206,30.93262440127316,76014.79228009706,2312.0370253167152,2018-07-25,Electronics
207,52.7255290081299,57450.207804831116,3435.021187485781,2018-07-26,Home Appliance
208,52.706789263683135,58427.477061226295,8825.859495241435,2018-07-27,Home Appliance
209,52.72571529459072,39934.86820500766,3602.260411091385,2018-07-28,Home Appliance
210,102.79097235982081,118739.41857967348,1864.711378237937,2018-07-29,TV
211,53.56335766039751,43903.41911521787,4337.9245636195,2018-07-30,Electronics
212,62.03348460270898,57677.37005510232,3579.6111502866875,2018-07-31,Home Appliance
213,59.310026452398034,57039.81836077006,7520.637161138378,2018-08-01,Home Appliance
214,54.77086876958697,97373.10942361104,8547.271966533432,2018-08-02,Mobile
215,40.27096133039482,67626.25804269931,3829.2524620604245,2018-08-03,TV
216,56.38453830739901,106193.55181684335,5251.821118369908,2018-08-04,Mobile
217,33.40762178193643,58162.73439390329,5449.426708151566,2018-08-05,Electronics
218,41.44772089889987,81974.85405559505,4562.352617697274,2018-08-06,Mobile
219,37.71954678256345,54116.32366850607,4186.429374689104,2018-08-07,Mobile
220,46.22811209079484,128628.7281943347,2941.2949189147275,2018-08-08,Mobile
221,79.71987850010262,45310.03952426218,1706.6967380615931,2018-08-09,TV
222,16.99102211112378,82745.51775567568,2932.921720951157,2018-08-10,Electronics
223,55.2939028556177,90844.42202330247,4488.730723539656,2018-08-11,Mobile
224,20.809261932155223,85344.97743628746,2183.3357366687287,2018-08-12,TV
225,37.9210220131585,70367.8085280573,5128.887847690732,2018-08-13,Electronics
226,61.33425895451049,71754.48250666434,4818.076151740437,2018-08-14,Home Appliance
227,45.96420028643194,76095.28679947773,3582.5212881578354,2018-08-15,Mobile
228,28.83382833106041,71324.94995928778,4104.079684347388,2018-08-16,Electronics
229,34.27044436110047,99096.97791987273,2384.5900194986884,2018-08-17,Mobile
230,55.19396623402014,130263.07503978378,6698.372549924993,2018-08-18,Home Appliance
231,34.04450052424295,61062.70537480416,6648.097015435714,2018-08-19,Electronics
232,48.246878843729625,40754.925510523055,2599.680150783504,2018-08-20,TV
233,45.68357759855721,72792.94879121863,2637.476547835612,2018-08-21,Electronics
234,35.22599478591275,139492.73344135797,2951.995805847173,2018-08-22,TV
235,77.15916133987989,54908.13580075673,5962.242440931061,2018-08-23,Electronics
236,54.50878533477017,115977.92013610169,5441.767839489622,2018-08-24,TV
237,14.622861200135894,116942.52035191102,7314.4518412198295,2018-08-25,Home Appliance
238,47.796814721541416,61160.293957300135,7676.680574885737,2018-08-26,Home Appliance
239,35.07320302847418,89224.57697963188,2078.9875688787565,2018-08-27,Home Appliance
240,57.78650002194336,115709.91557821346,5868.068234071619,2018-08-28,Electronics
241,33.11218892350949,65521.80647531283,7541.306887716333,2018-08-29,Home Appliance
242,43.278953377996515,69910.49099744095,3981.5406423113445,2018-08-30,Mobile
243,52.57480918470686,60457.97715128391,4615.972883047124,2018-08-31,Home Appliance
244,57.98632791255182,49631.08173267833,4300.060685282012,2018-09-01,TV
245,26.995553894163358,58768.061373349825,4388.376118880167,2018-09-02,TV
246,39.98248146238578,44401.49333094359,6688.247605328791,2018-09-03,TV
247,37.87582033258566,75852.08670648065,9558.367791843808,2018-09-04,Electronics
248,35.200061511394324,55750.66922353396,8332.287406413963,2018-09-05,Mobile
249,71.48181360421646,80844.6477947687,3662.2632698079146,2018-09-06,Home Appliance
250,51.07472566441433,36102.608844909315,5259.31956977084,2018-09-07,Mobile
251,26.086740684974323,83272.00580536143,3170.0476757600113,2018-09-08,Mobile
252,58.767929205821645,95838.22404022311,3328.2309948624743,2018-09-09,TV
253,76.8323429551895,25156.608935713615,4523.044083625829,2018-09-10,TV
254,60.486978908267204,84351.4142461893,3284.932277810529,2018-09-11,TV
255,22.2094505106898,105691.7248118323,3522.416290646596,2018-09-12,Electronics
256,37.73648890700623,44758.97453271986,5203.179585037651,2018-09-13,Mobile
257,64.00366723779933,116814.30967094257,5831.47733565005,2018-09-14,Mobile
258,34.38495801571829,85475.47523415113,5762.3730297764905,2018-09-15,Electronics
259,51.657291422193424,57374.70360603978,5787.887678090921,2018-09-16,Electronics
260,56.61951080144005,73605.77305855734,2471.108815005699,2018-09-17,Electronics
261,31.096042926328757,88958.17281304306,3204.3579078702032,2018-09-18,Mobile
262,44.107119659073,76900.13478531029,4749.10245401196,2018-09-19,Mobile
263,-3.619010101036089,88468.89981115924,7389.503793261493,2018-09-20,TV
264,29.634185379985652,51983.16017301584,11862.31298232009,2018-09-21,TV
265,41.2114777291026,79234.02060090195,5354.2392381691,2018-09-22,Mobile
266,26.283252270527257,39657.13757737549,6405.411668455598,2018-09-23,TV
267,69.48616955897452,72219.34846628249,2331.112550352567,2018-09-24,Electronics
268,23.54787933059051,52402.30896338026,6329.29138009158,2018-09-25,Home Appliance
269,38.39933269954524,56611.751435255836,10429.988672077763,2018-09-26,TV
270,46.96110865929137,105902.32938026093,3198.6942667989165,2018-09-27,Mobile
271,66.61909933599173,102282.75301485672,3577.3129990167495,2018-09-28,TV
272,23.46206773230841,90228.45302267943,6780.775240010534,2018-09-29,TV
273,62.447456282324396,47692.18088318553,4721.72706129418,2018-09-30,TV
274,45.1534959152938,67089.78875762995,1626.793228057267,2018-10-01,Home Appliance
275,30.27737023428074,105327.44249947958,3680.400442655212,2018-10-02,Electronics
276,51.93155211394906,78542.92284099762,8531.54184213072,2018-10-03,Mobile
277,47.98589543360205,132983.23849954235,4089.6057703077313,2018-10-04,Home Appliance
278,35.99674684261808,84832.9459848593,4088.0288173051254,2018-10-05,Mobile
279,46.04703127485028,79801.22791225079,6590.759356065267,2018-10-06,Mobile
280,39.220296047073596,67272.08839493747,5440.480547307468,2018-10-07,Mobile
281,46.70276017876872,78338.52261955706,3986.923683147218,2018-10-08,Home Appliance
282,54.9319601178157,71188.2540904864,3465.0942524516768,2018-10-09,Electronics
283,68.79025224218029,92702.71691721477,14376.234342643926,2018-10-10,Mobile
284,26.432767517597263,98917.5579198646,7904.95116285681,2018-10-11,Electronics
285,76.995500619844,55350.26348730126,5786.932912337348,2018-10-12,Electronics
286,15.718683007162472,41719.17616105555,5951.536791232739,2018-10-13,TV
287,42.72322357446625,29094.86567241759,4400.8668952173775,2018-10-14,Home Appliance
288,53.82475809726865,87699.7831728136,5411.406718450773,2018-10-15,Home Appliance
289,49.21487801602549,47415.83484565316,4187.637294344084,2018-10-16,TV
290,35.659507202691096,21177.735176187925,3058.468116855583,2018-10-17,TV
291,41.87816624464087,84714.4651132741,5506.38287754954,2018-10-18,Electronics
292,37.604985980117505,137324.98793581978,4021.603681576514,2018-10-19,Mobile
293,36.15952864583683,74848.22721150267,5634.2720301371955,2018-10-20,Home Appliance
294,57.744031455315366,95962.26936129105,6104.2012424903405,2018-10-21,Mobile
295,50.35523228947571,77045.73396368913,5766.426286694619,2018-10-22,Mobile
296,34.60635607109019,72527.75867022143,2937.8851777697787,2018-10-23,TV
297,58.493998131498756,97976.9120746942,3821.869837017124,2018-10-24,Mobile
298,49.60949281314914,67743.13639528371,4057.785062782278,2018-10-25,Electronics
299,57.1929317825844,81684.80785179758,7108.008599904622,2018-10-26,TV
300,54.44443262885419,83042.44515490034,6945.224511577633,2018-10-27,Mobile
301,32.56507483616892,58297.73865892378,3295.5080775900346,2018-10-28,TV
302,36.597284397045456,99801.05873841306,2441.756065902436,2018-10-29,Electronics
303,56.20940407684893,70626.00608261478,12116.971207348144,2018-10-30,Electronics
304,54.155553981501974,56106.37101267888,5665.842999547103,2018-10-31,Mobile
305,44.68647609053778,88412.7460892601,2278.4578795271977,2018-11-01,TV
306,46.75991074963173,52538.30045522407,3549.8500341301415,2018-11-02,Mobile
307,64.16497343682637,75704.5289342282,7239.116383010587,2018-11-03,Mobile
308,36.12642916746255,74772.02508389491,10788.254165733833,2018-11-04,TV
309,53.20646071755057,102147.38914578945,9987.537405296822,2018-11-05,Mobile
310,41.96711021349159,86867.45582199882,5559.943219062403,2018-11-06,Electronics
311,41.73478195159169,74374.3260313714,4673.962393001653,2018-11-07,TV
312,61.48165277980785,95444.15748000718,2801.193221507547,2018-11-08,TV
313,57.38124523482045,109755.18872543283,4854.230307778262,2018-11-09,TV
314,57.20264454000958,88945.25765879656,2987.4068710968068,2018-11-10,TV
315,64.58218210731494,75258.81549608451,3839.41823238192,2018-11-11,Mobile
316,45.31505762449139,42204.09419124601,6777.62538494864,2018-11-12,Mobile
317,55.22929456942446,48372.15842311569,4177.955817878779,2018-11-13,Electronics
318,40.34599865109816,67369.38239113332,4048.76506658641,2018-11-14,Home Appliance
319,49.86249528732663,59762.194946017924,4559.050296699816,2018-11-15,Home Appliance
320,43.047854184484734,70325.71742536385,12926.370587416874,2018-11-16,Electronics
321,46.45493947489077,76416.24812242769,2653.127576824542,2018-11-17,Home Appliance
322,53.9273553815537,88242.31885891827,5299.541788315231,2018-11-18,Electronics
323,32.726689751497915,73237.53054852271,9589.88653395398,2018-11-19,Mobile
324,76.3858091352819,87162.54109565505,4552.850972006278,2018-11-20,TV
325,29.90973927750447,76611.86037025301,7840.324218194525,2018-11-21,TV
326,26.78717080818402,25613.335841153217,2357.5396228524287,2018-11-22,Mobile
327,62.37166310250102,51516.615154531144,4241.7687044570275,2018-11-23,TV
328,56.87494040944404,71397.81110695962,3142.960324321542,2018-11-24,TV
329,54.36179725578233,44757.63142897231,4530.778630181224,2018-11-25,Home Appliance
330,54.4251826389642,89998.21824990511,4574.7675242208725,2018-11-26,Mobile
331,44.81629840729628,113268.77080859244,4793.135661314825,2018-11-27,Home Appliance
332,31.541184427712526,105469.04629243292,6749.902694168506,2018-11-28,Home Appliance
333,46.137068372905894,69663.9282267448,1301.1868559700188,2018-11-29,TV
334,34.842574327318324,112268.1534212488,3474.910582183899,2018-11-30,TV
335,59.62679600126627,78716.6864300528,5138.133581758812,2018-12-01,Mobile
336,42.79413927746792,66572.85072204901,1673.370039578108,2018-12-02,TV
337,32.61754204811233,59664.93341147651,6137.490875870154,2018-12-03,TV
338,40.1792123752051,67438.25783779679,3443.689588356458,2018-12-04,Mobile
339,51.193971814134365,65295.57953646928,4279.2884829653485,2018-12-05,TV
340,36.54413170794038,79260.40555938719,6885.170465834862,2018-12-06,Home Appliance
341,32.666694066503524,79014.34952624662,7998.005444224351,2018-12-07,Mobile
342,48.65530817237868,75076.15050383536,6220.350210719005,2018-12-08,TV
343,48.674498566630845,85923.45424365875,2615.1812048899187,2018-12-09,Electronics
344,37.39585236943305,104766.15686965853,6083.409632118397,2018-12-10,Mobile
345,37.93442541572516,98738.8533860331,6264.458443152681,2018-12-11,Mobile
346,48.480749060364545,37877.550788752415,5725.846416132309,2018-12-12,Electronics
347,23.27873487754014,11151.97162745113,8570.97548178721,2018-12-13,TV
348,23.888043384351672,98357.99778098184,4850.105279938112,2018-12-14,TV
349,34.22333668121346,40828.032539614476,8424.846004816198,2018-12-15,Mobile
350,41.798292724322295,69380.86495268291,8402.16064495868,2018-12-16,Mobile
351,49.66361348397007,45747.17434851601,6342.494359908025,2018-12-17,TV
352,67.13034325424329,29950.48906049951,5337.1093246728005,2018-12-18,TV
353,57.86489434803029,88536.56820511969,5740.477279602539,2018-12-19,Home Appliance
354,42.60092205054859,93978.87900756617,9386.505487792307,2018-12-20,Mobile
355,44.71475688145967,60587.23998183201,7385.293488791991,2018-12-21,Mobile
356,29.962059530432867,10223.94269637725,2772.6559793787355,2018-12-22,Electronics
357,44.72230296011415,61343.88879368793,5580.149618710058,2018-12-23,Home Appliance
358,40.670120416197925,84795.10013506367,3064.62114757357,2018-12-24,TV
359,49.84077840507134,38027.21078064678,3394.979704714534,2018-12-25,Home Appliance
360,32.59153584671515,79583.9979944789,3911.164426805866,2018-12-26,TV
361,52.79019771361759,74617.25377067512,2241.2255887435927,2018-12-27,TV
362,67.99108369503867,89482.28749002721,2967.538452522431,2018-12-28,Home Appliance
363,43.36859777314714,77989.50921035383,8778.227182407374,2018-12-29,Mobile
364,51.02567583148412,50673.27647796112,3384.94966936079,2018-12-30,TV
365,55.352159875666686,104914.28754161228,6766.754714639466,2018-12-31,Home Appliance
366,38.98169292171246,71036.76067432575,5047.811983499242,2019-01-01,Electronics
367,48.36138722715625,74317.3865122517,5966.758224034377,2019-01-02,Home Appliance
368,45.18888601172692,51668.3010231701,6079.373115354626,2019-01-03,Electronics
369,46.465141478232475,63917.94372021224,2903.1658244711007,2019-01-04,TV
370,33.404853242168,52879.93214932748,6749.193568838537,2019-01-05,Home Appliance
371,45.36765261388414,70676.34850191443,2478.3822590703207,2019-01-06,Home Appliance
372,52.46997436868175,117792.71200355858,3317.498141317197,2019-01-07,Electronics
373,66.76715411692562,40702.47142671609,6040.286408791098,2019-01-08,Home Appliance
374,59.3890623912781,34660.96505308147,2809.411790729061,2019-01-09,Home Appliance
375,77.29773686267335,111779.25818734022,1581.265115063858,2019-01-10,TV
376,33.489786556679256,69766.90807120335,5463.481697034981,2019-01-11,Home Appliance
377,58.08480955081017,58273.18153350209,2036.8170265258295,2019-01-12,Mobile
378,47.75013008607527,100997.61718490192,6292.898228477032,2019-01-13,Electronics
379,77.8470439982651,59859.611506578396,4044.1118639014935,2019-01-14,Home Appliance
380,32.87552571967273,120650.24283867341,5428.540930249544,2019-01-15,Electronics
381,32.40417236728836,91948.14678348173,5383.501586786497,2019-01-16,Electronics
382,36.009110318339665,62802.21479635743,6499.8579301824175,2019-01-17,Electronics
383,13.141564135352898,128932.70533163758,6118.728809940785,2019-01-18,Home Appliance
384,37.113674674788584,59857.12692491654,2796.9109856613504,2019-01-19,Home Appliance
385,33.61301007669453,93552.38430023268,4159.001700511062,2019-01-20,Electronics
386,47.25590679714311,82482.3145101623,5425.678791039612,2019-01-21,Mobile
387,50.12633963665739,107543.53223496996,8491.988159971886,2019-01-22,Electronics
388,73.14256258823829,114037.77991817132,6143.608945362019,2019-01-23,Mobile
389,59.256357572790755,75800.10372664417,8166.417231090149,2019-01-24,Electronics
390,36.346445165063955,56164.55324134541,5553.13443435492,2019-01-25,TV
391,31.52377992977463,86499.30357347791,7442.462845353972,2019-01-26,Electronics
392,52.37878757259759,58057.11575619735,5226.218717309473,2019-01-27,Electronics
393,25.196501894690368,125334.68118816557,7307.9558291691965,2019-01-28,Home Appliance
394,72.47188148781531,78413.38327706844,3947.9451111192343,2019-01-29,Mobile
395,62.69160181081931,65866.96121719728,8924.296349478685,2019-01-30,TV
396,37.962365218429426,79617.0076466227,5831.925992911041,2019-01-31,Mobile
397,19.302982063636836,41321.84276175759,2249.5302987493574,2019-02-01,TV
398,65.3080856124812,50709.649037233714,5506.7872352796785,2019-02-02,Electronics
399,43.28190232121073,105010.34769861064,6152.534475075033,2019-02-03,Home Appliance
400,63.56724467960193,58577.64302571511,6852.090153996159,2019-02-04,Home Appliance
401,21.083585118084493,48827.22543295151,10288.981145336318,2019-02-05,Mobile
402,36.00937465569341,88416.31881318215,3657.170977210788,2019-02-06,Home Appliance
403,45.07865549577275,104642.60386657492,10319.860113937346,2019-02-07,Mobile
404,45.70470890647113,92973.83276662667,4674.654783846296,2019-02-08,Mobile
405,38.249017927811344,99901.19214514541,3239.460654603439,2019-02-09,TV
406,54.34274898521248,56080.12278576348,3694.8338378578323,2019-02-10,Mobile
407,28.985693559261083,39454.73333145391,5991.29753195127,2019-02-11,TV
408,42.8643077246806,112533.34129888717,3012.3985500098547,2019-02-12,Home Appliance
409,46.804434475678484,66933.00402894661,3979.4800633418863,2019-02-13,Mobile
410,52.71658251088124,68729.17458862382,5445.953832522041,2019-02-14,Mobile
411,55.674223171333345,108204.85354622646,8893.535745011477,2019-02-15,Electronics
412,28.130368622431963,88905.7502350165,6765.234783968615,2019-02-16,Mobile
413,21.988287438965667,86397.1943020402,4761.3016828148175,2019-02-17,Mobile
414,64.16515232847763,129125.05862252711,5979.206722638344,2019-02-18,Electronics
415,49.98471017969388,58912.04424049643,5207.634668388669,2019-02-19,Electronics
416,33.7727019516517,98196.00320203093,2595.6590375685537,2019-02-20,Home Appliance
417,68.26727963283784,76425.32812242712,9578.909967987402,2019-02-21,Mobile
418,46.73511951439288,81714.80697158142,8956.306855427523,2019-02-22,Home Appliance
419,62.689457760957396,113211.71066031329,4508.737482091066,2019-02-23,Home Appliance
420,46.01277722115164,87695.89390724059,3757.389775007982,2019-02-24,Electronics
421,75.91121887322981,88457.40197624083,2625.57676706538,2019-02-25,TV
422,71.33011263664807,101812.68343274505,6145.273009469052,2019-02-26,Home Appliance
423,41.2655377728139,65876.18176142787,6162.985912159275,2019-02-27,TV
424,59.57356426431533,54019.758316524836,3135.86634078094,2019-02-28,Mobile
425,54.680639243777215,48879.77014947416,5235.2084920486095,2019-03-01,Electronics
426,65.52947336298523,25841.085265599955,6672.598715198708,2019-03-02,Mobile
427,30.52614809129843,126405.17824850805,3637.5896062176603,2019-03-03,Mobile
428,55.29077189997659,47419.79085695792,4254.986695132499,2019-03-04,Electronics
429,60.876367302743816,69468.6594103557,4235.93593424942,2019-03-05,Mobile
430,18.618907703653285,68079.66750277698,3232.531758566521,2019-03-06,Electronics
431,27.251122310013372,82685.16744522752,4295.112488581962,2019-03-07,TV
432,14.411517333598493,95393.43031348241,2057.0004321987212,2019-03-08,Mobile
433,40.95889748333163,96511.83720899363,4134.842923865435,2019-03-09,Electronics
434,55.76313383693943,60423.06403577654,4164.171422729174,2019-03-10,Home Appliance
435,67.53535578144042,70821.95715533971,4534.508311236121,2019-03-11,Mobile
436,46.111421706296625,82064.49876220748,5780.889578317177,2019-03-12,TV
437,69.42923318356938,68782.72184541132,2520.1558994233046,2019-03-13,Electronics
438,24.29847812677663,115183.63940049981,2758.14609721065,2019-03-14,Mobile
439,19.44926340967268,87274.37379095628,3193.089311423826,2019-03-15,Mobile
440,44.16678451655072,93371.94465124543,2389.3768502078838,2019-03-16,Mobile
441,50.76098173408961,91572.03171668532,6073.709251403455,2019-03-17,TV
442,44.509578778588605,104336.84643713312,3563.0992018566917,2019-03-18,Electronics
443,13.988368499401851,79525.53896759267,4599.079237376206,2019-03-19,Home Appliance
444,43.66319940730818,42579.201301103836,3063.324281726932,2019-03-20,Home Appliance
445,25.432957492427203,84992.19879381605,3932.0915063602642,2019-03-21,Home Appliance
446,55.04508823245058,58716.07765520427,5347.822794113033,2019-03-22,Electronics
447,50.498973691452726,61784.58295625608,5463.8415956479475,2019-03-23,Home Appliance
448,30.90180320508967,89659.10046887732,2816.348505420476,2019-03-24,TV
449,37.2919962399496,105957.0767858409,4494.707770956905,2019-03-25,Electronics
450,29.111797171665728,75531.78941840155,3088.4754988098052,2019-03-26,Mobile
451,44.059813540902425,82720.82531497409,4418.940923928137,2019-03-27,TV
452,59.327134807518576,117555.37361588095,3423.9479267837664,2019-03-28,Mobile
453,30.214109304966843,81018.82948721421,9850.376959978514,2019-03-29,Home Appliance
454,52.560697732767665,140042.07785450987,6655.63546756065,2019-03-30,TV
455,37.04613572441339,89137.74114078861,5570.105173696913,2019-03-31,Electronics
456,33.10690751606484,30980.93102110456,4089.763116705175,2019-04-01,TV
457,43.394544600681634,93833.54052761331,6740.864032638755,2019-04-02,Mobile
458,29.47136516370939,84528.95962206944,4554.373056214232,2019-04-03,Electronics
459,36.69526041979227,107243.81885206864,9400.79142071748,2019-04-04,TV
460,27.031831611167274,91829.53378174896,7038.550841089887,2019-04-05,TV
461,74.47087699374583,71538.60040040566,3918.8527384661074,2019-04-06,TV
462,45.52895327957593,44392.54409276586,8922.550499940946,2019-04-07,TV
463,34.50411738011122,69774.41856784937,4099.445374506701,2019-04-08,Electronics
464,48.20969866101333,53736.988644767494,10107.016593812428,2019-04-09,Mobile
465,43.31507925463755,60486.913754881934,9134.085829129055,2019-04-10,TV
466,41.685456007001655,89714.46011051524,5334.862780686402,2019-04-11,Electronics
467,54.21250050065138,116747.61260878516,2097.267970760719,2019-04-12,Mobile
468,56.36261565070958,84866.78824557453,5150.79393592828,2019-04-13,TV
469,37.04248278584209,45102.92344912039,2674.9276126681107,2019-04-14,Mobile
470,36.3627263903298,86115.06670550352,3472.825772805621,2019-04-15,Mobile
471,40.874224542725344,104915.78716614128,3596.2263936118034,2019-04-16,Electronics
472,10.471182528966224,59755.427392015445,2663.6737773580367,2019-04-17,Mobile
473,22.272134067021717,71649.57083317706,5159.48735009187,2019-04-18,Electronics
474,65.50311401166786,75367.20486822992,3281.243181228673,2019-04-19,TV
475,69.67451570251926,55377.542172944,4186.180395788345,2019-04-20,Mobile
476,41.264459406654325,91207.01084609647,3610.605456236813,2019-04-21,Mobile
477,53.648354445836496,71976.29628480546,5791.947631813531,2019-04-22,Home Appliance
478,49.66875231815304,85488.3110976757,5606.182284230789,2019-04-23,TV
479,91.18321212682856,52812.695554947495,4032.8063843281516,2019-04-24,TV
480,61.79362367151865,64063.54249191474,5919.970057689492,2019-04-25,Home Appliance
481,43.0812361277885,93059.53394569427,7856.857302080058,2019-04-26,Home Appliance
482,30.666893390993614,65679.17119770583,1454.2132666132063,2019-04-27,Electronics
483,20.90330519613641,118174.09628083513,3514.2482945179113,2019-04-28,Electronics
484,48.051954538008346,65009.09535963494,2921.847714212771,2019-04-29,Mobile
485,33.654738820735446,80617.11814379715,3367.635700396288,2019-04-30,Mobile
486,23.666194356034886,98314.77079682724,1309.1858571746288,2019-05-01,Mobile
487,35.301406736362104,39540.85667667421,1421.033869693886,2019-05-02,Mobile
488,28.776779945784074,30979.779700480605,892.0498620040529,2019-05-03,Electronics
489,70.30712452608847,36858.59213574763,3668.2298849882113,2019-05-04,TV
490,58.224596354241754,106564.60258567956,3619.6549940846007,2019-05-05,Mobile
491,44.88041038025074,61203.546352688834,8354.1924333103,2019-05-06,TV
492,67.19916208335039,138954.9821417063,4978.516482910302,2019-05-07,Mobile
493,46.16052461471428,60893.810033565285,1411.4087190808273,2019-05-08,Home Appliance
494,32.08073698007605,79613.78257992593,5853.015949619145,2019-05-09,Mobile
495,67.84686115904486,113552.7488141969,19324.435019224962,2019-05-10,Mobile
496,53.08365065526988,125152.32220397808,1457.1086558141294,2019-05-11,Mobile
497,29.441307685103155,126537.58941590996,9471.920555522984,2019-05-12,Electronics
498,42.14491982874588,105209.15576482855,4569.037818407056,2019-05-13,Home Appliance
499,31.865726199228643,100601.56314528656,3808.894547747239,2019-05-14,Mobile
500,24.25800403553496,89813.17373002958,3540.7510633530287,2019-05-15,Mobile
501,58.892663212974625,94459.02690416595,5415.292279004003,2019-05-16,TV
502,73.64124960705196,61220.35709178667,3824.087246037078,2019-05-17,Home Appliance
503,24.02148639271288,54545.027914442326,2626.3806924027185,2019-05-18,Mobile
504,53.444538550358565,74915.63856472619,3603.108261505188,2019-05-19,TV
505,35.2403614631726,70745.38443687679,5484.634294224079,2019-05-20,TV
506,37.69311924352956,63669.29876681812,6309.695855587997,2019-05-21,Electronics
507,36.11409113641696,92409.68618641788,9907.54621401378,2019-05-22,TV
508,32.04013845480276,98882.63021426277,4881.7386822815515,2019-05-23,Mobile
509,45.72782441917241,77210.17215729618,8063.140348935313,2019-05-24,Electronics
510,32.535748253834434,111938.25202638155,4258.58157986967,2019-05-25,Electronics
511,49.056852386697585,46457.77214666238,4529.37319594048,2019-05-26,Mobile
512,44.246428358262946,70158.51351800705,4420.059380012373,2019-05-27,Home Appliance
513,41.41577929700385,57079.44198492987,5146.0371158314965,2019-05-28,TV
514,31.386545069376034,28336.584573173503,6807.322114996405,2019-05-29,Electronics
515,36.34843004147501,72932.98285393252,3750.1401731931437,2019-05-30,Home Appliance
516,56.33086838738634,71956.31229041792,2997.214347091229,2019-05-31,Mobile
517,52.51375781436571,112836.24358105328,7049.4984168459905,2019-06-01,TV
518,30.336671328021737,90770.29211386944,6826.490320813852,2019-06-02,TV
519,46.489984581438385,49395.329391769876,8625.676843164078,2019-06-03,Electronics
520,56.27080685057683,121352.31415835471,3479.73944690891,2019-06-04,TV
521,19.958920783179423,105525.84238813382,4188.1417153694165,2019-06-05,TV
522,53.15040288569902,89552.44258671539,7167.524976777149,2019-06-06,TV
523,35.060643615812296,69337.8975287542,3729.7202795862727,2019-06-07,TV
524,53.55898002889739,51014.01908191301,6191.503807617431,2019-06-08,Mobile
525,33.55111265186225,65694.83059822368,4267.111534128321,2019-06-09,Home Appliance
526,17.926768490032213,102218.71549260465,5402.297617629619,2019-06-10,Mobile
527,20.586863431752562,122114.65764836522,2600.516674030356,2019-06-11,Mobile
528,45.72127419992073,113581.08820680474,4853.170939899637,2019-06-12,Electronics
529,48.89583752582223,62778.764455343146,728.5536782125897,2019-06-13,TV
530,31.435250623433873,47009.56416777472,7786.79262543475,2019-06-14,Mobile
531,54.57888688166061,78522.1561727801,6555.567799572393,2019-06-15,TV
532,20.0771990659656,30789.01586092871,2902.2709159992455,2019-06-16,Mobile
533,44.00880302029025,83079.19285461954,9550.632762524332,2019-06-17,Mobile
534,26.83475700356315,71309.93534253328,7574.873430639799,2019-06-18,Electronics
535,35.222458382967616,63349.08745329394,2661.5476378527287,2019-06-19,Home Appliance
536,45.71098006974621,35132.42331833011,3614.678957477604,2019-06-20,Home Appliance
537,32.09379952074072,87840.00266424291,2736.124522462579,2019-06-21,Mobile
538,39.23166683655262,61682.47900845222,5470.335329528164,2019-06-22,Electronics
539,60.094392138216605,45752.0791072428,3539.8194807983136,2019-06-23,TV
540,36.34662195715277,3193.444667958771,1634.7436590176237,2019-06-24,TV
541,57.535381680977125,74312.1273737341,4519.964849086746,2019-06-25,Mobile
542,28.05439718013573,119306.28991674361,6925.273797837439,2019-06-26,Home Appliance
543,52.947062668729245,116531.48036369676,4898.8691989503095,2019-06-27,Electronics
544,66.6235293098685,63572.5935853432,5941.925134133723,2019-06-28,Home Appliance
545,7.925332498090661,59944.69849095549,5111.7513752901,2019-06-29,TV
546,33.046571167942844,86719.35640187559,6434.616853146878,2019-06-30,Home Appliance
547,53.6560819077081,50040.36402029271,5318.580830137879,2019-07-01,TV
548,41.95431920935511,82544.79749548665,4406.572555858799,2019-07-02,Electronics
549,50.56718810056963,94152.00695961725,4871.294138990508,2019-07-03,Electronics
550,35.94022219926269,105673.33059710769,8768.717677190467,2019-07-04,Mobile
551,46.2988468120935,72496.14808800118,6091.982368040114,2019-07-05,Mobile
552,42.664841469118805,69908.15624557585,2897.548578424202,2019-07-06,Home Appliance
553,62.51673092489711,53050.43533108597,4836.052768110367,2019-07-07,Electronics
554,48.816312649518196,54327.9911490035,5426.434685422657,2019-07-08,Electronics
555,50.064039931128036,69338.02770246183,4339.239746109754,2019-07-09,Mobile
556,38.82184550816299,84184.13767040445,1639.5225735736685,2019-07-10,TV
557,37.6859066389126,97839.61565583124,3043.8570208095257,2019-07-11,Home Appliance
558,38.51162718270569,54920.52623299138,3828.9866878114112,2019-07-12,Home Appliance
559,50.91678213567445,112317.21422398803,10047.65125057145,2019-07-13,Mobile
560,38.68523278769605,68221.90997393578,5797.3373280584865,2019-07-14,Electronics
561,49.34662285344619,74465.81764128909,2058.6453163074166,2019-07-15,Mobile
562,76.13101197968157,56319.70802130441,4467.297883372159,2019-07-16,Mobile
563,58.06687055147539,14393.993493176458,8156.581320375263,2019-07-17,Mobile
564,40.10964701748238,97101.13490902624,3516.0695983662367,2019-07-18,Mobile
565,63.01820883245917,93421.09742731083,7288.427113412683,2019-07-19,TV
566,38.87886940467673,67966.81107204467,2093.8432210793935,2019-07-20,TV
567,14.428131972332192,76674.7679306218,832.7339792860357,2019-07-21,Electronics
568,29.878705336238937,87898.48044260248,7769.383446795544,2019-07-22,Mobile
569,16.938121184612164,35936.35357783643,3735.926467721588,2019-07-23,TV
570,39.72729773938037,61773.68306634263,1680.8073134982155,2019-07-24,Electronics
571,45.276275687843274,94856.61699054568,3876.6765126399287,2019-07-25,Mobile
572,70.14655968412924,43642.76442076877,5090.234755540179,2019-07-26,Home Appliance
573,49.90391060646244,82338.94830416574,5705.9100345055285,2019-07-27,TV
574,41.71349206786704,41085.454884414874,1091.0366537908906,2019-07-28,Electronics
575,57.441083717752335,86660.74956083816,3384.227972738219,2019-07-29,Home Appliance
576,11.832970364881724,74108.96294256291,4795.250379633086,2019-07-30,Mobile
577,48.53421837162849,34621.70460236226,5700.116584534321,2019-07-31,Mobile
578,56.562977908304504,104118.48386142928,2880.5794236569795,2019-08-01,Mobile
579,22.821206313302376,56635.21058004877,4234.41348225483,2019-08-02,TV
580,62.15631064810394,54743.689074640475,3510.827842460799,2019-08-03,Electronics
581,50.07744611241621,80014.22993077357,5167.980381058077,2019-08-04,Home Appliance
582,38.77068129148798,103715.93373571787,7645.067627170362,2019-08-05,Electronics
583,54.491727991594274,49604.45452554007,3977.3106574796525,2019-08-06,TV
584,79.06039286706593,76541.9962461993,2286.4285782238526,2019-08-07,Electronics
585,47.72799382587743,85720.41250826433,3295.7459499883835,2019-08-08,TV
586,48.723308794505044,92327.64018157861,9507.426106100009,2019-08-09,Mobile
587,38.109586506896335,79411.03888193062,3049.7308163796138,2019-08-10,Home Appliance
588,32.25233445802812,65824.30402291694,2521.6623067774854,2019-08-11,Mobile
589,57.455037248163684,54310.24448378201,3863.0242727206964,2019-08-12,Electronics
590,32.15874261136699,77153.59707615936,4467.821066048387,2019-08-13,Mobile
591,46.073493558290885,48196.52470035983,3614.0332756222656,2019-08-14,Home Appliance
592,37.83513829852325,1966.2379126348096,2100.022406870174,2019-08-15,Mobile
593,52.18469738619588,85913.99510394169,5396.431703344333,2019-08-16,Home Appliance
594,50.00493157930423,97598.37102715488,5170.40339706377,2019-08-17,Home Appliance
595,60.563099163868486,15926.689111454041,6328.772953776382,2019-08-18,Mobile
596,37.349754017178796,49756.73238225156,5117.534474852851,2019-08-19,TV
597,40.95187597059943,90478.85652512994,9154.036695607865,2019-08-20,Electronics
598,30.318544263265387,126437.38674279247,6549.468048120484,2019-08-21,TV
599,38.33560109885833,75519.84269188519,5966.220940857793,2019-08-22,TV
600,50.65950739567278,56799.92646927164,7770.202518848515,2019-08-23,Mobile
601,56.35482924968028,70427.588972379,4976.493013770953,2019-08-24,Electronics
602,31.167520137335618,109371.91047870462,4276.596787734114,2019-08-25,Electronics
603,58.044088801584905,58850.89552188662,5368.884888283727,2019-08-26,TV
604,65.33456788207427,55020.19983374366,1593.3954460225327,2019-08-27,Mobile
605,51.20152354835551,62931.41194544919,4983.775315726887,2019-08-28,Electronics
606,73.151937188371,51166.78479353219,4465.572221539934,2019-08-29,TV
607,33.39316201344641,78066.75789986989,5633.085340316021,2019-08-30,Electronics
608,26.330179450328746,115616.96146173902,7298.160926101603,2019-08-31,Mobile
609,18.31919626643582,83076.98182790073,6044.181282937232,2019-09-01,Mobile
610,67.44066467233775,68691.1624468428,3300.113788544224,2019-09-02,Mobile
611,54.81548484531086,67704.7182771114,6769.606823846181,2019-09-03,Electronics
612,44.16622993634317,35920.22978258357,9213.825719841772,2019-09-04,Home Appliance
613,49.1995293947973,97077.74442867897,7382.557912168799,2019-09-05,Electronics
614,28.117664290524353,73054.07007467996,2393.4925376574724,2019-09-06,Home Appliance
615,81.68627969425239,70488.00216023436,6015.596496837578,2019-09-07,Mobile
616,46.93831772962841,154827.68919612153,2579.955694103649,2019-09-08,TV
617,46.64092191907339,82468.82270914216,4081.3501248879165,2019-09-09,Home Appliance
618,55.88649935848038,56205.22374762039,5558.400622704629,2019-09-10,Mobile
619,52.2151384760507,64341.060094861416,5231.2640622228555,2019-09-11,Mobile
620,48.35826036418697,103711.14272991887,7318.502574937918,2019-09-12,Home Appliance
621,33.142883168320324,77831.76026344411,9233.988623211686,2019-09-13,TV
622,52.072025357039934,39043.05054206583,5810.2568476683755,2019-09-14,Mobile
623,73.2303674471255,97980.72336438009,3935.176310362945,2019-09-15,Home Appliance
624,65.18130069232467,58296.397861525154,1637.8575658593004,2019-09-16,TV
625,68.89779939959095,121832.44440543864,8133.112763741166,2019-09-17,TV
626,37.33176485353222,102001.20164286622,4476.540924230122,2019-09-18,Mobile
627,30.15592769612129,63816.952608531225,4585.974405886186,2019-09-19,Electronics
628,43.11319619850528,107025.40904337782,4756.510714958774,2019-09-20,Electronics
629,45.835873684330416,76696.38776318508,5690.568170790083,2019-09-21,Mobile
630,61.41287277706422,96319.34187805548,5766.027847283101,2019-09-22,TV
631,19.61303055427771,87118.32043236187,4112.044387482699,2019-09-23,Mobile
632,67.9432547919092,53841.08362522816,4455.855055414128,2019-09-24,Home Appliance
633,42.629881521315156,58911.254192063454,3481.8003737091453,2019-09-25,Electronics
634,38.5967839507887,100749.02043952903,3298.856522373237,2019-09-26,Home Appliance
635,29.81843437109749,66630.61669733647,3291.0663002271253,2019-09-27,Mobile
636,20.17714992201346,64908.788418950084,4431.661185603885,2019-09-28,Mobile
637,57.34755875942872,51121.93551626618,2985.327968370075,2019-09-29,TV
638,46.09976950782606,85589.97663983653,782.5394743114865,2019-09-30,TV
639,25.650586503884192,126563.12298107863,3902.88617096399,2019-10-01,TV
640,25.573818419045757,48311.67714364317,2471.442211353042,2019-10-02,Home Appliance
641,39.96322951064808,75605.48641681895,4907.028503541307,2019-10-03,TV
642,70.0353228793409,110305.51388538574,3475.2600463733593,2019-10-04,Mobile
643,41.10612972954593,73008.96521885712,5722.439795922645,2019-10-05,TV
644,22.45285570322841,86309.29490624335,2590.7696737568126,2019-10-06,Electronics
645,41.313854038710836,48440.16179632801,1813.0781016000858,2019-10-07,TV
646,40.90914645378494,85707.67743019122,4461.032261444116,2019-10-08,Home Appliance
647,4.546700355876425,70321.39337488628,3824.517578782997,2019-10-09,Electronics
648,44.18557700223282,99643.24989199657,2360.4392997276814,2019-10-10,Electronics
649,41.53598204686983,104684.65128911877,6551.830777362553,2019-10-11,Electronics
650,55.44309547220128,139739.09105046536,2819.184342469376,2019-10-12,Home Appliance
651,72.73434142418017,89490.82933033939,3222.6367190567344,2019-10-13,Mobile
652,61.89847544321636,83144.90791455416,7106.566628232325,2019-10-14,TV
653,40.96666964167754,79859.6075394334,5871.525158696737,2019-10-15,Electronics
654,28.402111368874944,66170.8426797328,2665.4474635957986,2019-10-16,Electronics
655,83.60039704874791,83462.09608654228,3987.9335429427106,2019-10-17,Electronics
656,45.888276510217324,67614.96474652426,2529.3530303531234,2019-10-18,Mobile
657,45.20893937869419,79211.52440674035,6875.744022002576,2019-10-19,Mobile
658,44.638123693349954,107939.938390199,6873.663675730992,2019-10-20,Home Appliance
659,47.971271411517826,49836.43586800897,9839.94110860574,2019-10-21,Mobile
660,42.834593821140864,103496.96402822614,11534.55805823671,2019-10-22,TV
661,36.39506989679646,107927.87668349664,3455.5289231382308,2019-10-23,Home Appliance
662,36.79711588139412,72048.28682522303,6381.827001111217,2019-10-24,Home Appliance
663,44.50870094676002,21953.627524785137,1666.186851080593,2019-10-25,TV
664,36.84862843299352,59804.45032263919,5078.230402956106,2019-10-26,TV
665,34.30731325984253,107424.86366402774,5647.387329406321,2019-10-27,TV
666,46.596453415378456,74428.29844252794,2896.922995845047,2019-10-28,Home Appliance
667,41.17534173868717,50017.44419262723,3351.644428186298,2019-10-29,Home Appliance
668,67.55989482874033,62380.626969294564,6894.504316182273,2019-10-30,Home Appliance
669,5.235452874104823,96015.50066261383,5710.867978436052,2019-10-31,TV
670,61.37260277883693,88668.33920503448,9274.28161902049,2019-11-01,TV
671,63.69127788746444,69026.69752075765,8791.251793037489,2019-11-02,Electronics
672,13.89914651387776,65829.3897046328,1924.8038323636429,2019-11-03,Mobile
673,39.85968608879477,65206.04627390445,3622.9380623756524,2019-11-04,Electronics
674,39.428387010063126,51939.745387537434,2745.8466639525477,2019-11-05,TV
675,23.887324579232683,115384.39223673605,6501.761507389786,2019-11-06,Home Appliance
676,33.33274968613687,66941.9882697165,5306.8688426391145,2019-11-07,TV
677,28.341362318012568,105428.96302063741,2841.385635687058,2019-11-08,Mobile
678,71.28405665135435,113032.90129806128,3065.8992079979353,2019-11-09,Electronics
679,59.035175897211914,99957.77245369901,7920.1231873753695,2019-11-10,Electronics
680,64.07332642491238,64209.492182048794,3820.84364299357,2019-11-11,Home Appliance
681,55.82508096064853,85093.25225841523,1515.8503376176889,2019-11-12,Electronics
682,28.06422343174156,74395.1098402271,2714.5493093403275,2019-11-13,Electronics
683,37.132196005803394,52407.453481746794,10133.374142211955,2019-11-14,TV
684,52.34061841841877,83108.98204304007,7198.839389718254,2019-11-15,Electronics
685,26.668082866620818,45524.00522100493,2446.7843514301703,2019-11-16,Electronics
686,55.69497645258582,104691.98471153909,5077.167595959634,2019-11-17,Electronics
687,41.39511902762798,63384.56756754017,7000.170003792549,2019-11-18,Home Appliance
688,39.377687886756036,80028.99139682099,1910.5041991242167,2019-11-19,Home Appliance
689,55.664399523052374,82082.19678865356,7347.76341597746,2019-11-20,TV
690,51.6639496722906,68527.37565739806,5686.389925891964,2019-11-21,Electronics
691,39.585507512713804,89667.34503688187,3255.2844255813443,2019-11-22,Home Appliance
692,62.38994705046372,63127.40858443689,6094.896463514153,2019-11-23,Home Appliance
693,28.78405008600154,96782.4324364311,5340.84982961206,2019-11-24,TV
694,54.239034104163956,41350.507993831285,5506.7161866806455,2019-11-25,Mobile
695,53.89651886952576,78159.4894886603,4993.94221611469,2019-11-26,Electronics
696,40.35680341029015,123473.22497645712,3010.375678536681,2019-11-27,Home Appliance
697,49.89199533363177,49991.71688486063,3290.9860300189443,2019-11-28,TV
698,26.233296354220457,58056.37573687871,4170.956739015371,2019-11-29,TV
699,58.860405288103514,87847.69624147288,4766.751045479461,2019-11-30,TV
700,42.22646795335516,79489.54454848995,6256.775908089051,2019-12-01,Home Appliance
701,37.15915469221441,83765.75248183898,10241.700701276308,2019-12-02,Electronics
702,60.73513838755334,87229.67825369159,5184.715301502624,2019-12-03,Mobile
703,34.43484464185861,90868.03671404425,6207.192447358362,2019-12-04,Electronics
704,23.873080554546604,102742.49604890558,6841.424157483001,2019-12-05,TV
705,21.650562397141442,85245.46642321281,6404.272090573987,2019-12-06,TV
706,54.0901492701846,68968.55863453644,2953.952209044056,2019-12-07,Mobile
707,25.793559712555755,91814.34253006829,8249.861113190138,2019-12-08,Electronics
708,71.32191272976547,122497.04837238039,7678.513160772256,2019-12-09,TV
709,13.771058881744167,71684.15634043566,4962.83363483054,2019-12-10,TV
710,70.44684552435058,50636.767383233964,3041.716029731654,2019-12-11,Electronics
711,48.16526200803928,102677.01673217432,4731.843170699729,2019-12-12,TV
712,43.549303321944116,71990.47090116005,2040.9335256996376,2019-12-13,Electronics
713,36.826213697865754,20683.261349649096,8726.10884393387,2019-12-14,TV
714,50.987041715281066,96185.54192876053,3437.715479263437,2019-12-15,Electronics
715,44.435479463627274,61616.79535115193,4071.6773275952496,2019-12-16,Mobile
716,61.54952823024782,72736.66794239599,8450.726720083352,2019-12-17,TV
717,46.7134147299306,83299.50826422537,8004.474213270106,2019-12-18,Mobile
718,47.25452642192816,79762.49199447666,5435.6296442857965,2019-12-19,TV
719,39.54581681679216,92736.29542847599,9305.625948779516,2019-12-20,TV
720,44.14581564418399,64112.84073575392,2907.6408275679364,2019-12-21,Home Appliance
721,49.61702653338089,87827.64495440207,5436.895776753924,2019-12-22,Electronics
722,19.347474110150618,68511.33306040207,2919.6045027428418,2019-12-23,Mobile
723,24.777218668414307,93470.26202218758,7471.519506006715,2019-12-24,Mobile
724,56.148961410340725,90384.18710032634,7355.491861682272,2019-12-25,Mobile
725,47.562981571919124,51614.03244888512,9598.854847043405,2019-12-26,Electronics
726,42.24024995470981,102149.5529043758,4665.989089175939,2019-12-27,Home Appliance
727,45.2765089959809,61600.9138721488,10779.208339885958,2019-12-28,Mobile
728,50.21372558042506,95201.44495702862,2799.866004657468,2019-12-29,Electronics
729,36.90360479535958,84182.18283503351,4551.184775872246,2019-12-30,TV
730,33.32542911896531,120954.59191987806,2850.0378874078438,2019-12-31,Mobile
731,47.93767882646522,69413.3504407037,5103.310911756914,2020-01-01,Mobile
732,30.32440833577452,66267.08009704507,2973.433606330022,2020-01-02,Home Appliance
733,51.12379133571708,74514.50985280669,7480.557916328307,2020-01-03,Mobile
734,19.461245936432395,67420.50542914312,5770.247169714353,2020-01-04,Mobile
735,60.437334559884654,94998.54754855126,2682.5951835003957,2020-01-05,TV
736,52.08896223619564,34592.234789085305,6712.178060317459,2020-01-06,Electronics
737,48.840446014708135,48657.93952134115,9012.536439170459,2020-01-07,Electronics
738,59.74036475918271,48304.92696052017,6019.898452075269,2020-01-08,Home Appliance
739,69.98211666693865,98757.6897993394,2294.2909991300608,2020-01-09,TV
740,60.21555097527195,117765.33431454813,4352.196783068674,2020-01-10,Electronics
741,17.386886530025322,72388.76953656321,6364.1891410998805,2020-01-11,TV
742,25.806345498964475,70779.45692024974,4161.801548941371,2020-01-12,Electronics
743,35.62772133456482,76751.30407782954,2782.063170685114,2020-01-13,TV
744,45.3913657531625,104046.95756520476,7859.976327972947,2020-01-14,Home Appliance
745,52.76488530703685,51816.17164523565,4078.889496479036,2020-01-15,Mobile
746,34.11384280269802,80959.22456836962,9015.026142246848,2020-01-16,Home Appliance
747,47.80150146715617,99379.94074456074,3632.164148918253,2020-01-17,Electronics
748,33.66925601470016,87527.35424849614,3968.281602858842,2020-01-18,Home Appliance
749,35.82723295512078,79739.54041496858,3497.8348751654535,2020-01-19,Mobile
750,23.900083547276665,100026.15231417853,4317.928609888184,2020-01-20,Home Appliance
751,31.151501308336435,7419.192675019076,5728.044539667753,2020-01-21,Electronics
752,24.724730915754996,91946.88298827269,2854.0553573230395,2020-01-22,Electronics
753,30.36190120534001,58648.1079218144,2592.273338553724,2020-01-23,Home Appliance
754,60.80462694911759,29234.177578588577,1888.264673520018,2020-01-24,Mobile
755,30.759016667520854,87780.06498812452,1765.1251718255958,2020-01-25,Home Appliance
756,84.48573097256086,109341.46362907394,2308.2826585761063,2020-01-26,Mobile
757,52.39976851321334,71563.7871343077,3620.326471539484,2020-01-27,TV
758,47.77254185542311,98821.86368007347,5061.278768551699,2020-01-28,Mobile
759,32.1246332972818,115306.95644971613,5586.368355086766,2020-01-29,TV
760,55.50464819113487,107872.8613396012,4955.564457171452,2020-01-30,Home Appliance
761,36.36543260643339,115999.11323428483,8555.127141120278,2020-01-31,Mobile
762,46.83014721968042,93553.18727679731,9760.503524738504,2020-02-01,TV
763,83.40126807403192,76885.84097253982,4087.9295859280064,2020-02-02,TV
764,43.559101504130254,34950.85470257079,2877.7531830207286,2020-02-03,TV
765,62.23909989428513,68848.43779675128,11080.207993439335,2020-02-04,Electronics
766,34.45235362311169,53918.83511709521,7739.945946217322,2020-02-05,Home Appliance
767,44.47517264254557,129273.56793744535,7486.545486912348,2020-02-06,TV
768,71.56200953453265,70602.85468919159,3551.338084180186,2020-02-07,Mobile
769,35.59549413318349,78080.12016961214,6786.45312510183,2020-02-08,TV
770,72.18672836995393,88787.13440101169,4973.563497681425,2020-02-09,Electronics
771,55.616279031832136,76090.06115931134,4508.684072440614,2020-02-10,Home Appliance
772,36.56299836158598,117376.27601076882,4505.111280162548,2020-02-11,Electronics
773,54.48611608583281,59433.7659566387,5846.286864268791,2020-02-12,Electronics
774,59.58831674440095,79865.18638093107,8679.284223934797,2020-02-13,Electronics
775,54.327149433257944,56438.235357548794,11494.315743041676,2020-02-14,Mobile
776,21.446629201643155,41999.43721948235,3846.446956159619,2020-02-15,Home Appliance
777,34.09294236262697,59705.77272736786,5101.821244784637,2020-02-16,Home Appliance
778,41.287220466727426,74074.0800737897,4456.376860746422,2020-02-17,Mobile
779,43.88349856349931,64267.4443870685,5673.260083772891,2020-02-18,Home Appliance
780,54.31008146326017,57689.475503153604,4202.375531937771,2020-02-19,Electronics
781,47.66551501399881,39842.06340820415,10631.970190959533,2020-02-20,Home Appliance
782,24.969834619348482,72922.36068428263,3355.216566454676,2020-02-21,Mobile
783,50.70296776508945,37381.99064922494,3848.9569847079233,2020-02-22,Electronics
784,54.15878617925735,94001.39909224007,3576.303177599465,2020-02-23,Mobile
785,53.396856718965594,77060.99382336259,4356.206454102544,2020-02-24,TV
786,61.21171088331933,38561.21251337673,2394.2071084830327,2020-02-25,Electronics
787,57.50883231823356,67269.77307375341,3608.868376198646,2020-02-26,Electronics
788,51.88770118842655,56196.08986023542,5648.365703096406,2020-02-27,Home Appliance
789,43.94751432812029,82979.3627604795,5629.647054296245,2020-02-28,Electronics
790,20.08558599726013,108511.26115057862,5233.817637976152,2020-02-29,Mobile
791,51.44427328698879,28120.688258856382,8342.077254129515,2020-03-01,Home Appliance
792,48.115315307446664,77875.65197868543,5748.815634121247,2020-03-02,TV
793,49.0736825579306,70996.68011083399,8220.784482953231,2020-03-03,Mobile
794,25.84877136269536,91783.50191126164,11498.196904512723,2020-03-04,TV
795,28.784151893876064,80329.91570594223,6862.716066378384,2020-03-05,TV
796,60.797292799993556,56200.766706529525,2400.1897114467192,2020-03-06,TV
797,44.406672692150174,67023.65160833455,5327.995165341188,2020-03-07,Electronics
798,55.22251046058936,55099.35357991277,4977.897523267182,2020-03-08,Mobile
799,45.42477564195692,101900.17846496496,9008.476505676561,2020-03-09,Mobile
800,45.446342092436176,75532.79121679855,4429.901036358869,2020-03-10,Electronics
801,59.074257089639964,122529.76714382519,3134.7880172974965,2020-03-11,Home Appliance
802,37.25932907673939,73483.47965463449,3709.0143968157367,2020-03-12,TV
803,46.44181165411475,57289.83082723843,2446.485592712211,2020-03-13,Mobile
804,38.06587066942436,37157.14018467932,767.8775976752025,2020-03-14,Electronics
805,38.482556588515266,29921.508093601376,10654.839245037128,2020-03-15,TV
806,40.36241814797041,35396.601424862754,4707.438626999139,2020-03-16,Home Appliance
807,48.33200657450569,81678.16627528709,2565.6192924842117,2020-03-17,Home Appliance
808,37.818770675047844,87718.12558074834,9371.937089204655,2020-03-18,TV
809,63.83634188360281,35470.232449196665,10082.27373554271,2020-03-19,Home Appliance
810,31.58089046670744,97375.95785190289,5055.663543637231,2020-03-20,Mobile
811,42.196925337579614,62923.47370791401,2333.6707888681576,2020-03-21,Mobile
812,38.40403412588738,78669.82529963873,3751.9924077522937,2020-03-22,Mobile
813,66.704668265306,115305.5157063856,4210.0787946859755,2020-03-23,Home Appliance
814,47.94832164767362,97420.98289663829,4780.470672172415,2020-03-24,Mobile
815,60.477668092029525,68286.7338023542,2730.004157273219,2020-03-25,Electronics
816,22.71659440444542,52720.19436461781,7113.726323795216,2020-03-26,Mobile
817,49.00575398803888,21204.614966767374,1435.8032697790045,2020-03-27,Mobile
818,58.34446193435156,57021.16701893949,7628.616964662027,2020-03-28,Home Appliance
819,46.23425983913136,69721.74402930764,8347.861150660594,2020-03-29,Mobile
820,60.98220562598027,50320.511821220396,3928.853076338432,2020-03-30,TV
821,37.24067324849442,71718.57582269238,4529.381700113399,2020-03-31,Electronics
822,66.1402116027837,76921.29707396921,8814.194202671559,2020-04-01,Home Appliance
823,79.48347185428875,69378.60045479804,6255.48983582325,2020-04-02,Electronics
824,39.55742159340512,58749.93547941351,3995.27571837827,2020-04-03,TV
825,38.31746217898842,79216.36679916819,4220.56850432661,2020-04-04,Home Appliance
826,66.80076715676552,86048.51623923522,5861.1370412107735,2020-04-05,Home Appliance
827,68.69358218596068,47740.02306392885,10219.596058027593,2020-04-06,Mobile
828,37.15709959270097,110273.30949365675,4282.092463269295,2020-04-07,Electronics
829,38.69719774356214,72535.29669289346,3937.7919396746315,2020-04-08,TV
830,40.773230867092394,75471.2405736212,4765.04216700519,2020-04-09,TV
831,24.833242334485846,92705.36058141393,4778.142818039079,2020-04-10,Home Appliance
832,31.220220802737025,80830.40328158754,5399.719793847492,2020-04-11,Mobile
833,29.937888498718983,98828.41584783113,4536.1196281636285,2020-04-12,Home Appliance
834,33.483036523438074,82178.1041300456,7831.93893805509,2020-04-13,Home Appliance
835,44.47972668919828,59689.065633989056,3017.3072320356555,2020-04-14,Home Appliance
836,48.51322098804781,84037.58813015254,5670.294689397272,2020-04-15,Home Appliance
837,68.25750739221115,46406.84481698346,5770.901547177973,2020-04-16,TV
838,30.024689388918134,77713.99264441308,3150.404622531695,2020-04-17,TV
839,59.764835977148756,74169.25023388848,5644.809603313059,2020-04-18,Home Appliance
840,41.790167336617365,69797.07856818651,5839.148949365315,2020-04-19,Home Appliance
841,44.25804435521351,71786.56221402674,1086.988855447328,2020-04-20,Mobile
842,55.122292382499054,27953.77386255902,2875.9896927537943,2020-04-21,Home Appliance
843,28.159169676565522,61281.87730647596,9144.931936854799,2020-04-22,TV
844,50.736146192760756,77321.12252852786,3519.321189635709,2020-04-23,Electronics
845,47.49678312319584,78996.409799935,2562.394052366832,2020-04-24,TV
846,52.38676896012224,49308.12147685105,1722.772238639989,2020-04-25,Mobile
847,49.33752965861727,106642.69602161752,2744.0735581956183,2020-04-26,TV
848,81.82950209866341,53345.62879463748,4446.7767202420755,2020-04-27,Electronics
849,35.43390023623026,99236.43001316843,2469.1435824231926,2020-04-28,Home Appliance
850,37.035045674972736,85679.85904679212,6292.382002940855,2020-04-29,Electronics
851,35.65289210362853,58844.31725390493,3122.483434237329,2020-04-30,Home Appliance
852,36.66784321259618,119382.7723152378,5418.495614161645,2020-05-01,Home Appliance
853,35.439193090402235,45159.079206088,8555.366236963138,2020-05-02,TV
854,62.83524796661328,97978.85434025004,8316.535184823357,2020-05-03,TV
855,66.30756371984782,100014.55795107446,5376.319713506399,2020-05-04,TV
856,36.438805593757856,58234.494773083876,2653.7010266034144,2020-05-05,Mobile
857,32.51466640343657,109811.63250160823,4589.701607036173,2020-05-06,TV
858,52.07123334579606,68748.83713502617,5456.429639078617,2020-05-07,Mobile
859,36.716654335785435,82217.34073199643,12466.507681125535,2020-05-08,TV
860,54.493977266332664,81508.04596928052,1713.4558835533173,2020-05-09,Home Appliance
861,48.0438453127695,71642.2814632363,4597.279345973182,2020-05-10,Mobile
862,22.263838275041522,95270.20682899456,6191.668498867967,2020-05-11,Electronics
863,68.21257801995093,94837.21801380532,4937.627349875999,2020-05-12,Mobile
864,71.93816509643283,31286.70066904548,5187.823004529242,2020-05-13,Mobile
865,35.80816964273421,107608.50607195382,3215.336436365876,2020-05-14,Electronics
866,39.18447660096024,33437.70029910814,7058.276705448626,2020-05-15,Mobile
867,49.287980860873574,100813.65510854142,4779.159114430039,2020-05-16,Home Appliance
868,50.01685184980538,103167.62842068958,5179.222382637081,2020-05-17,TV
869,54.878164090092454,47725.839244620045,7393.436994769237,2020-05-18,Electronics
870,75.15306808149525,64729.64280113538,4053.0788654117896,2020-05-19,TV
871,42.34579158758926,47357.38328785161,8113.361051467768,2020-05-20,Home Appliance
872,33.02554133192319,69626.97424278162,2425.5819749245984,2020-05-21,Electronics
873,24.31021157978209,67299.14289535648,5314.415163449604,2020-05-22,TV
874,34.036049400871214,94491.5133067335,3117.5723936295726,2020-05-23,TV
875,44.503095406893046,107757.71865299021,2721.506068744421,2020-05-24,Home Appliance
876,71.91836795276681,109892.09526974891,10165.823843565637,2020-05-25,TV
877,37.235830514457426,60945.79933554245,2492.047699542601,2020-05-26,Home Appliance
878,48.35681927458348,69769.45315638681,4822.290926959128,2020-05-27,Mobile
879,44.753656558908716,32914.045194476246,2392.9858573897345,2020-05-28,Home Appliance
880,62.82589910172126,54853.24833759528,7889.319507077837,2020-05-29,Mobile
881,82.90398638810433,99121.29082743643,3861.978853771287,2020-05-30,Electronics
882,37.03696840619519,115389.5705887058,7376.015788743159,2020-05-31,TV
883,37.658408362226666,44141.278203001944,6097.151071431976,2020-06-01,Home Appliance
884,60.66241315603608,60188.39352117764,11621.60491828999,2020-06-02,Home Appliance
885,55.22837234439467,74339.85607602683,2144.7696024201564,2020-06-03,TV
886,72.7006098860405,82004.02897049017,2863.9384713111085,2020-06-04,TV
887,53.75892277988946,54759.912001958844,7197.943525952893,2020-06-05,Electronics
888,39.610618638194104,85601.52611160224,5431.13845695585,2020-06-06,Electronics
889,53.85982246038464,63154.0163232271,4192.308455090155,2020-06-07,Home Appliance
890,61.63055370874362,74638.69322804302,10643.007560020069,2020-06-08,Electronics
891,57.30723271796046,88657.10620009249,4668.141879621835,2020-06-09,Mobile
892,52.609110466609465,75160.55674527344,3176.5837906012157,2020-06-10,Electronics
893,61.00012034383731,64090.35273683578,7415.968197137553,2020-06-11,Electronics
894,62.53943385668509,72259.75490185423,4740.560906324854,2020-06-12,Home Appliance
895,65.7323848655629,72790.92601986662,4911.41728799395,2020-06-13,Mobile
896,54.73064831384464,65749.7242529468,6329.124979064089,2020-06-14,Electronics
897,42.493228795247184,68530.09843332245,6440.36013434256,2020-06-15,Mobile
898,47.20070529649984,114966.17926261792,2844.598468570226,2020-06-16,Mobile
899,63.09763449762535,89022.98619853097,4079.342835799996,2020-06-17,Mobile
900,32.74596493519146,67612.992049271,2284.8369882745537,2020-06-18,TV
901,50.53009963309352,92423.8601127684,5467.873853013113,2020-06-19,TV
902,39.09991781508959,66654.51275609975,10084.00069835536,2020-06-20,TV
903,45.431172344022265,104328.11593966604,2903.8826295027407,2020-06-21,TV
904,64.17677793910948,84241.05480495235,2064.2868957204537,2020-06-22,Home Appliance
905,47.86648602029855,72317.44639989428,3428.8757194700333,2020-06-23,Electronics
906,45.69654822234223,86192.92314525694,4175.248575155019,2020-06-24,TV
907,24.60215788530121,35728.096198287516,6465.96171574885,2020-06-25,Home Appliance
908,56.193803490408314,46830.81327725487,3971.7447998683715,2020-06-26,Electronics
909,54.68226271711613,45151.874840023615,5512.607320023698,2020-06-27,TV
910,77.4488208495819,78573.57736909267,3673.3807189376857,2020-06-28,Electronics
911,40.38332647570499,118312.87498712729,4283.2787515292175,2020-06-29,TV
912,48.287254914959085,130782.50365481581,3124.800090264676,2020-06-30,Home Appliance
913,48.74075525566133,90951.27753601893,2650.0459559706674,2020-07-01,Mobile
914,68.66179919645211,87521.11187361143,6570.390685963469,2020-07-02,Mobile
915,43.57056701419572,29973.556646181525,3795.911545215856,2020-07-03,Electronics
916,49.185322886555085,61433.15500664945,5694.937670577404,2020-07-04,Home Appliance
917,54.11844764574809,55305.40620229403,3100.635541904382,2020-07-05,Mobile
918,47.79913684734537,59478.8100437221,4682.191110685234,2020-07-06,TV
919,38.30349578174208,70796.40453538026,1454.758809781824,2020-07-07,Mobile
920,47.911349893474615,63197.73555757182,3931.3022073063435,2020-07-08,Electronics
921,61.104476247896585,25517.504740605305,3263.9220686991075,2020-07-09,Electronics
922,29.602270508834096,93697.75640293835,7746.566254332336,2020-07-10,Home Appliance
923,46.99454511220314,48181.42435650484,2442.6493553650525,2020-07-11,Electronics
924,34.4981877759124,80981.17160277873,4366.281020943573,2020-07-12,Mobile
925,62.92569943387264,126852.06674374934,5437.2173465313645,2020-07-13,Mobile
926,22.15219642824338,52015.38521033942,7262.514917734176,2020-07-14,Mobile
927,36.61617229092617,11742.811931341756,6816.108261903336,2020-07-15,Mobile
928,50.658178125967815,67849.89445299724,4528.313539038331,2020-07-16,Home Appliance
929,68.4828604385151,102523.99087496428,4825.869557519121,2020-07-17,TV
930,44.01374608390518,123958.68635551484,7743.454300373096,2020-07-18,TV
931,36.67200709960203,44261.260138689584,4488.141375953335,2020-07-19,Home Appliance
932,73.21735604160885,87417.48058091305,5063.433137629793,2020-07-20,Electronics
933,23.27979149375634,63367.23858049867,7857.57358271664,2020-07-21,TV
934,12.017910650698774,72351.29114239661,12357.168433244016,2020-07-22,Electronics
935,51.60021675079999,141108.58367542585,5262.333614087522,2020-07-23,TV
936,37.46918663471083,37425.74179012117,5916.279660610935,2020-07-24,Electronics
937,29.6815077430393,81343.49153736433,6725.17088195221,2020-07-25,Home Appliance
938,55.6253467094903,86692.32929413582,7823.928515812679,2020-07-26,Mobile
939,48.65701070656798,102144.65812348368,7343.787219046128,2020-07-27,Electronics
940,36.538820538949075,77449.57883677239,3537.314196709057,2020-07-28,Mobile
941,25.795434019936582,82701.26348760255,5422.687782427308,2020-07-29,Electronics
942,58.08685992420217,65208.78581445522,7366.618317172436,2020-07-30,Electronics
943,54.753017669379915,81728.17353112769,8560.59422861629,2020-07-31,Electronics
944,43.51236204330926,66420.19311256474,4369.942842131137,2020-08-01,Electronics
945,72.69955494071499,90539.29724640127,5363.2268822197075,2020-08-02,Electronics
946,28.948728505107713,65759.74159890915,5644.007506181721,2020-08-03,Mobile
947,22.117122436128916,84427.50984755467,4752.401772582768,2020-08-04,Electronics
948,34.62137895178133,74268.42965787555,5300.418542022703,2020-08-05,Mobile
949,44.31620975466753,103151.2562693042,1409.4345780364872,2020-08-06,Home Appliance
950,48.65009173984038,73715.15691028784,15763.237154256656,2020-08-07,TV
951,41.38145913215505,30674.188294827967,4285.564042754015,2020-08-08,Electronics
952,50.28083094771445,106548.03751784979,4440.701057554852,2020-08-09,TV
953,26.22690863714334,52356.69247843453,1947.1467078104354,2020-08-10,Mobile
954,66.65646906109889,58655.8415337795,1773.6318237749324,2020-08-11,Home Appliance
955,43.76773232411147,60108.4676489127,5824.433906612269,2020-08-12,Home Appliance
956,61.75943747382192,109360.95232927043,7380.097139516074,2020-08-13,Home Appliance
957,50.14088019566556,21608.14465053261,6776.414987517256,2020-08-14,TV
958,51.85129828730676,153443.71334149985,3096.4551810914754,2020-08-15,Mobile
959,53.546509203483055,101401.4202266513,6598.386625954612,2020-08-16,Electronics
960,51.715628400259725,80580.97285322899,4407.927930471739,2020-08-17,Electronics
961,54.64084139801316,73627.64998459283,3911.0210514756423,2020-08-18,Mobile
962,64.93728795198646,82138.85187144142,2318.295864110228,2020-08-19,TV
963,47.94781754552205,88028.06070948346,3286.777625377067,2020-08-20,Electronics
964,55.63505636382769,91130.38964875143,5885.766088009331,2020-08-21,Mobile
965,43.6539645856916,88890.11165008621,5396.634788124117,2020-08-22,Electronics
966,66.6017582317421,77239.51703138123,5039.2134221541455,2020-08-23,Home Appliance
967,34.85411546911095,70066.53949231685,1366.63155679318,2020-08-24,Electronics
968,72.01410649366224,71218.1679086622,5062.9357710275535,2020-08-25,TV
969,44.39763074033485,70127.29299118297,3511.906531408824,2020-08-26,Mobile
970,23.538373468229278,103344.25242167662,5414.3334659187,2020-08-27,TV
971,46.92156622366184,89838.91805702154,7930.035914144687,2020-08-28,Mobile
972,34.78422513787679,1490.2841333929973,3763.815361780711,2020-08-29,Home Appliance
973,57.60965323483086,91397.51941324402,4893.704021685299,2020-08-30,Mobile
974,35.210640310464136,79868.40486796937,10614.078512873275,2020-08-31,Electronics
975,38.307248501778304,74532.28108885257,5291.837807599839,2020-09-01,Electronics
976,16.656889035817034,65287.03867277785,4618.703832341434,2020-09-02,Home Appliance
977,38.21540521126385,103102.81799965035,3121.47211862544,2020-09-03,Mobile
978,8.64181010056565,98688.16155307145,6680.651483684686,2020-09-04,Home Appliance
979,21.24145764771415,55678.05830440977,2860.8394551472143,2020-09-05,Electronics
980,56.40621984216446,85176.30717811338,8086.91618794145,2020-09-06,TV
981,56.787002379762484,50708.58163646785,6254.900474266661,2020-09-07,Home Appliance
982,51.38186342677447,40509.54588027674,3571.2301371714248,2020-09-08,TV
983,30.495357853061805,59332.06938525087,3172.990237755338,2020-09-09,TV
984,44.2843296578703,96559.83680956897,3210.3859583107114,2020-09-10,Mobile
985,44.945961913641476,98828.12613440216,1791.0382966874465,2020-09-11,Home Appliance
986,27.624529662111858,87827.13550243233,5761.229645641566,2020-09-12,TV
987,67.55097452650726,93127.39467119993,1465.6009718969647,2020-09-13,TV
988,58.16043435863507,87904.45717787396,4483.193278752462,2020-09-14,Mobile
989,41.68553739255504,58962.96011942619,4349.411203286533,2020-09-15,Mobile
990,45.40328758491796,85798.06361684852,3995.901177585691,2020-09-16,Electronics
991,48.125742119213285,95010.23813069206,5743.41683530305,2020-09-17,TV
992,14.373976973635642,93857.28324533935,3575.5133080779246,2020-09-18,Electronics
993,41.29233926219105,104722.83428686607,5068.836571037183,2020-09-19,TV
994,34.77023628003302,92707.5961800266,8086.199708922436,2020-09-20,Electronics
995,29.975699851576266,83786.20518853958,6050.9126163994815,2020-09-21,Mobile
996,40.78349560671067,101753.75595791069,3831.243415842245,2020-09-22,Home Appliance
997,71.96529790274283,74336.9685187735,4683.710518713922,2020-09-23,Mobile
998,54.61264291900515,52953.13371930705,3998.0153779000602,2020-09-24,Electronics
999,36.432315153258045,70923.3259014059,4320.587978151483,2020-09-25,Electronics
1000,53.58874172034238,56377.433879838776,5139.998779086845,2020-09-26,Home Appliance
